{
  "8112132399": {
    "callsign": null,
    "phone": "380981512669",
    "car": {
      "brand": "Пропи",
      "model": "",
      "color": "Аролл",
      "plate": "5556666-",
      "photo_id": "AgACAgIAAxkBAAIPG2il-pcLjzmWSJc7L-Pq8ddPgNdSAAJGBjIbh0owSekFA7Mqg5bxAQADAgADeQADNgQ"
    },
    "docs": {
      "dl_front": "AgACAgIAAxkBAAIPG2il-pcLjzmWSJc7L-Pq8ddPgNdSAAJGBjIbh0owSekFA7Mqg5bxAQADAgADeQADNgQ",
      "dl_back": "AgACAgIAAxkBAAIPG2il-pcLjzmWSJc7L-Pq8ddPgNdSAAJGBjIbh0owSekFA7Mqg5bxAQADAgADeQADNgQ",
      "sts": "AgACAgIAAxkBAAIPG2il-pcLjzmWSJc7L-Pq8ddPgNdSAAJGBjIbh0owSekFA7Mqg5bxAQADAgADeQADNgQ",
      "selfie": "AgACAgIAAxkBAAIPG2il-pcLjzmWSJc7L-Pq8ddPgNdSAAJGBjIbh0owSekFA7Mqg5bxAQADAgADeQADNgQ",
      "interior": "AgACAgIAAxkBAAIPG2il-pcLjzmWSJc7L-Pq8ddPgNdSAAJGBjIbh0owSekFA7Mqg5bxAQADAgADeQADNgQ"
    },
    "online": false,
    "last_location": [
      50.372041,
      30.4592179
    ],
    "today": {
      "trips": 3,
      "earn": 8589.0,
      "accepted": 3,
      "declined": 0,
      "canceled": 0
    },
    "active_order_id": null,
    "approved": true,
    "approved_at": "2025-08-20T17:16:10.298067+00:00",
    "pickup_km": 1.0,
    "payment_method": "both",
    "classes": [
      "standard",
      "business",
      "comfort"
    ],
    "paid_until": "2025-08-20T23:59:00",
    "payment_status": "approved"
  },
  "968035316": {
    "callsign": null,
    "phone": "380986280363",
    "car": {
      "brand": "Рено",
      "model": "Меган",
      "color": "Білий",
      "plate": "КІ1234Фі",
      "photo_id": "AgACAgIAAxkBAAIQZGimHn2Jn999qdjvMFnX-icfIv1nAAKhGDIbJLcwSahUbpLkE7q7AQADAgADeQADNgQ"
    },
    "docs": {
      "dl_front": "AgACAgIAAxkBAAIQZGimHn2Jn999qdjvMFnX-icfIv1nAAKhGDIbJLcwSahUbpLkE7q7AQADAgADeQADNgQ",
      "dl_back": "AgACAgIAAxkBAAIQZGimHn2Jn999qdjvMFnX-icfIv1nAAKhGDIbJLcwSahUbpLkE7q7AQADAgADeQADNgQ",
      "sts": "AgACAgIAAxkBAAIQZGimHn2Jn999qdjvMFnX-icfIv1nAAKhGDIbJLcwSahUbpLkE7q7AQADAgADeQADNgQ",
      "selfie": "AgACAgIAAxkBAAIQZGimHn2Jn999qdjvMFnX-icfIv1nAAKhGDIbJLcwSahUbpLkE7q7AQADAgADeQADNgQ",
      "interior": "AgACAgIAAxkBAAIQZGimHn2Jn999qdjvMFnX-icfIv1nAAKhGDIbJLcwSahUbpLkE7q7AQADAgADeQADNgQ"
    },
    "online": false,
    "last_location": null,
    "today": {
      "trips": 0,
      "earn": 0,
      "accepted": 0,
      "declined": 0,
      "canceled": 0
    },
    "active_order_id": null,
    "approved": true,
    "approved_at": "2025-08-20T19:56:39.348749+00:00",
    "pickup_km": 3.0,
    "payment_method": "both",
    "classes": [
      "standard",
      "comfort"
    ]
  },
  "6956364231": {
    "callsign": null,
    "phone": "380983871459",
    "car": {
      "brand": "Апроьь",
      "model": "",
      "color": "МПП",
      "plate": "ротлл",
      "photo_id": "AgACAgIAAxkBAAIRQmin-njVYpmMOEb4XMQdSInILfPGAALm7jEbH1BBSfYnP10NuE_xAQADAgADeQADNgQ"
    },
    "docs": {
      "dl_front": "AgACAgIAAxkBAAIRQmin-njVYpmMOEb4XMQdSInILfPGAALm7jEbH1BBSfYnP10NuE_xAQADAgADeQADNgQ",
      "dl_back": "AgACAgIAAxkBAAIRQmin-njVYpmMOEb4XMQdSInILfPGAALm7jEbH1BBSfYnP10NuE_xAQADAgADeQADNgQ",
      "sts": "AgACAgIAAxkBAAIRQmin-njVYpmMOEb4XMQdSInILfPGAALm7jEbH1BBSfYnP10NuE_xAQADAgADeQADNgQ",
      "selfie": "AgACAgIAAxkBAAIRQmin-njVYpmMOEb4XMQdSInILfPGAALm7jEbH1BBSfYnP10NuE_xAQADAgADeQADNgQ",
      "interior": "AgACAgIAAxkBAAIRQmin-njVYpmMOEb4XMQdSInILfPGAALm7jEbH1BBSfYnP10NuE_xAQADAgADeQADNgQ"
    },
    "online": false,
    "last_location": [
      50.336665,
      30.432697
    ],
    "today": {
      "trips": 0,
      "earn": 0,
      "accepted": 0,
      "declined": 0,
      "canceled": 0
    },
    "active_order_id": null,
    "approved": true,
    "approved_at": "2025-08-22T05:25:39.727302+00:00",
    "pickup_km": 3.0,
    "payment_method": "both",
    "classes": [
      "standard"
    ],
    "paid_until": "2025-08-22T23:59:59+00:00",
    "payment_status": "approved"
  }
}